﻿<?xml version="1.0" encoding="utf-8"?>
<!--
	id represents the url of the current page after the # (ie. http://www.website.com/#/portfolio/)
	id must not be null
	id must start and ends by '/'
	id must be in lower case, no special caracters and no spaces
	id must use '/' as separator for subpages
	
	by default the first page will be the default page
-->
<content>
	<pages>
		<!-- home -->
		<page id="/home/" show_in_menu="1" type="">
			<label>
				<en><![CDATA[Home]]></en>
				<fr><![CDATA[Accueil]]></fr>
			</label>
			<title>
				<en><![CDATA[]]></en>
				<fr><![CDATA[]]></fr>
			</title>
			<description>
				<en><![CDATA[]]></en>
				<fr><![CDATA[]]></fr>
			</description>
		</page>
		
		<!-- portfolio -->
		<page id="/portfolio/" show_in_menu="1" type="">
			<label>
				<en><![CDATA[Our work]]></en>
				<fr><![CDATA[Notre travail]]></fr>
			</label>
			<title>
				<en><![CDATA[]]></en>
				<fr><![CDATA[]]></fr>
			</title>
			<description>
				<en><![CDATA[]]></en>
				<fr><![CDATA[]]></fr>
			</description>
		</page>
		
		<!-- portfolio / client 1 -->
		<page id="/portfolio/1/" show_in_menu="1" type="">
			<label>
				<en><![CDATA[Client 1]]></en>
				<fr><![CDATA[Client 1]]></fr>
			</label>
			<title>
				<en><![CDATA[]]></en>
				<fr><![CDATA[]]></fr>
			</title>
			<description>
				<en><![CDATA[]]></en>
				<fr><![CDATA[]]></fr>
			</description>
		</page>
			
		<!-- portfolio / client 2 -->
		<page id="/portfolio/2/" show_in_menu="1" type="">
			<label>
				<en><![CDATA[Client 2]]></en>
				<fr><![CDATA[Client 2]]></fr>
			</label>
			<title>
				<en><![CDATA[]]></en>
				<fr><![CDATA[]]></fr>
			</title>
			<description>
				<en><![CDATA[]]></en>
				<fr><![CDATA[]]></fr>
			</description>
		</page>
		
		<!-- contact -->
		<page id="/contact/" show_in_menu="1" type="">
			<label>
				<en><![CDATA[Contact us]]></en>
				<fr><![CDATA[Contactez nous]]></fr>
			</label>
			<title>
				<en><![CDATA[]]></en>
				<fr><![CDATA[]]></fr>
			</title>
			<description>
				<en><![CDATA[]]></en>
				<fr><![CDATA[]]></fr>
			</description>
		</page>
			
		<!-- contact / join us -->
		<page id="/contact/join/" show_in_menu="1" type="">
			<label>
				<en><![CDATA[Join us]]></en>
				<fr><![CDATA[Rejoignez nous]]></fr>
			</label>
			<title>
				<en><![CDATA[]]></en>
				<fr><![CDATA[]]></fr>
			</title>
			<description>
				<en><![CDATA[]]></en>
				<fr><![CDATA[]]></fr>
			</description>
		</page>
	</pages>
	
	<strings>
		<!-- footer -->
		<string id="footer.copyright">
			<en><![CDATA[®2009 Zéro Un]]></en>
			<fr><![CDATA[®2009 Zéro Un]]></fr>
		</string>
		
		<string id="footer.label"><![CDATA[footer]]></string>
	</strings>
</content>